"STA_SEQ","Yr1","Yr2","Yr3","Yr4","Yr5","Yr6","Station_Name","CountOfSampYr","cntNA","Proximity_Landmark","Municipality_Name","YLat","XLong"
14221,NA,0.644670050761421,0.323529411764706,0.508628376606347,0.393450635386119,0.432291666666667,"Hammonasset River",7,1,"Adjacent Summer Hill Road (US Chestnut Hill Rd)","MADISON",41.3278,-72.6116
14314,0.491779404234185,0.552413407771683,0.461845175963856,0.295355652064896,0.37280701754386,0.423312883435583,"Natchaug River",19,0,"downstream North Bear Hill Road","CHAPLIN",41.8008,-72.1182
14441,0.484833903202017,0.509233787737174,0.532384337352571,0.392777543015218,0.453460443534512,0.495353784146888,"Salmon River",23,0,"downstream 0.7 miles RR bridge","COLCHESTER",41.5742,-72.4294
14442,0.734331947429618,0.736107286273483,0.608773440093665,0.440047795143598,0.429269767641627,0.466849112426036,"Sandy Brook",24,0,"opposite Grange Hall off Riverton Road","COLEBROOK",41.974,-73.0406
14470,0.442330917874396,NA,0.625668449197861,0.523695699413287,0.404715992122912,0.372174625312701,"Tankerhoosen River",12,1,"upstream Tunnel Road","VERNON",41.8272,-72.464
14584,NA,0.715342768890323,0.66542160474808,0.676587301587302,0.487414770393494,0.416666666666667,"Roaring Brook",10,1,"at Route 32","WILLINGTON",41.904,-72.2891
14720,NA,0.528,0.510299877802524,0.489041650106058,0.563590486595659,0.372325741890959,"Green Fall River",18,1,"upstream confluence with Wyassup Bk US Clarks Fall Rd.","NORTH STONINGTON",41.4568,-71.8169
