"Min.","1st Qu.","Median","Mean","3rd Qu.","Max.","TimeP","N","5%","95%"
-133.42028983,-13,0,4.07915083438753,16.000000003,262.064690057,"5 Yrs",369,-48.90902437,78.966426834
-451.53846154,-60.95238095,-22,-36.2752533727341,-1.07692308,258.501664847,"20-30 Yrs",173,-157.2,35.2
-238.98412698,-40.7530417775,-13.3756445295,-20.9990792338272,3.99275362425,197.9545455,"10-20 Yrs",162,-121.5962874835,55.6501442659999
-255.2518428,-16.429824557,0,-4.60414673208759,17.125,221.4814815,"5-10 Yrs",137,-96.0431189996,68.7833425799999
